target,bug_type,bug_key,input_data,stdout,stderr,returncode,timed_out,crashed,strategy,timestamp
ipv6_parser,BONUS,36a7ae600bd4,2001:db8::1:2:3:1592.0.2.33,"Running the IPv6 parser with ipstr: 2001:db8::1:2:3:1592.0.2.33
An unknown exception has been triggered. Expected end of text, found '.'  (at char 20), (line:1, col:21)
============================================================
TRACEBACK
============================================================
============================================================
Saved bug count report and tracebacks for the bugs encountered!
Final bug count: defaultdict(<class 'int'>, {('bonus', <class 'pyparsing.e","Traceback (most recent call last):
  File ""ipv6_parser_stv.py"", line 219, in <module>
  File ""pyparsing/core.py"", line 1340, in parse_string
pyparsing.exceptions.ParseException: Expected end of text, found '.'  (at char 20), (line:1, col:21)
Traceback (most recent call last):
  File ""ipv6_parser_stv.py"", line 219, in <module>
  File ""pyparsing/core.py"", line 1340, in parse_string
pyparsing.exceptions.ParseException: Expected end of text, found '.'  (at char 20), (line:1, col:21)
",0,False,False,byte_insert,2026-04-05 15:43:02
ipv6_parser,BONUS,4520a6a091a6,53f8:5c39:d0b8:1980:35c5:b69:d718:2a5c,"Running the IPv6 parser with ipstr: 53f8:5c39:d0b8:1980:35c5:b69:d718:2a5c
An unknown exception has been triggered. Expected ':', found '\x17'  (at char 26), (line:1, col:27)
============================================================
TRACEBACK
============================================================
============================================================
Saved bug count report and tracebacks for the bugs encountered!
Final bug count: defaultdict(<class 'int'>, {('bonus', <class 'pypa","Traceback (most recent call last):
  File ""ipv6_parser_stv.py"", line 219, in <module>
  File ""pyparsing/core.py"", line 1340, in parse_string
pyparsing.exceptions.ParseException: Expected ':', found '\x17'  (at char 26), (line:1, col:27)
Traceback (most recent call last):
  File ""ipv6_parser_stv.py"", line 219, in <module>
  File ""pyparsing/core.py"", line 1340, in parse_string
pyparsing.exceptions.ParseException: Expected ':', found '\x17'  (at char 26), (line:1, col:27)
",0,False,False,bit_flip,2026-04-05 15:43:13
ipv6_parser,INVALIDITY,f0c1d4640969,2001:db8::1:2:3:.92.012.33,"Running the IPv6 parser with ipstr: 2001:db8::1:2:3:.92.012.33
An unknown exception has been triggered. One of the octets are empty ('')
============================================================
TRACEBACK
============================================================
============================================================
Saved bug count report and tracebacks for the bugs encountered!
Final bug count: defaultdict(<class 'int'>, {('bonus', <class 'buggy_ipyparse.ipv4_mstv.InvalidityBug'>, ""","Traceback (most recent call last):
  File ""ipv6_parser_stv.py"", line 219, in <module>
  File ""pyparsing/core.py"", line 1328, in parse_string
  File ""pyparsing/core.py"", line 950, in _parseNoCache
  File ""pyparsing/core.py"", line 4754, in parseImpl
  File ""pyparsing/core.py"", line 950, in _parseNoCache
  File ""pyparsing/core.py"", line 4634, in parseImpl
  File ""pyparsing/core.py"", line 950, in _parseNoCache
  File ""pyparsing/core.py"", line 5155, in parseImpl
  File ""pyparsing/core.py"", line 950, ",0,False,False,swap_chars,2026-04-05 15:43:24
ipv6_parser,INVALIDITY,991a8cf2edb4,d7c5:ce1e:5df1:e070:9353:f4f7:ae79:c402:dedf:3ce5:64:a4e1:adb8:49:3e3b:42df,"Running the IPv6 parser with ipstr: d7c5:ce1e:5df1:e070:9353:f4f7:ae79:c402:dedf:3ce5:64:a4e1:adb8:49:3e3b:42df
An invalidity bug has been triggered: Number of tokens passed exceeds the permitted number of hexes.
============================================================
TRACEBACK
============================================================
============================================================
Saved bug count report and tracebacks for the bugs encountered!
Final bug count: defaultdict(<","Traceback (most recent call last):
  File ""ipv6_parser_stv.py"", line 219, in <module>
  File ""pyparsing/core.py"", line 1328, in parse_string
  File ""pyparsing/core.py"", line 989, in _parseNoCache
  File ""pyparsing/core.py"", line 284, in wrapper
  File ""buggy_ipyparse/ipv6_mstv.py"", line 132, in convert_ipv6
buggy_ipyparse.ipv6_mstv.InvalidityBug: Number of tokens passed exceeds the permitted number of hexes.
",0,False,False,constraint_violation,2026-04-05 15:43:36
ipv6_parser,INVALIDITY,991a8cf2edb4,9e90:93c8:2754:2813:4e31:fc18:f488:1a06:e39b:110e:fc8e,"Running the IPv6 parser with ipstr: 9e90:93c8:2754:2813:4e31:fc18:f488:1a06:e39b:110e:fc8e
An invalidity bug has been triggered: Number of tokens passed exceeds the permitted number of hexes.
============================================================
TRACEBACK
============================================================
============================================================
Saved bug count report and tracebacks for the bugs encountered!
Final bug count: defaultdict(<class 'int'>, {('inva","Traceback (most recent call last):
  File ""ipv6_parser_stv.py"", line 219, in <module>
  File ""pyparsing/core.py"", line 1328, in parse_string
  File ""pyparsing/core.py"", line 989, in _parseNoCache
  File ""pyparsing/core.py"", line 284, in wrapper
  File ""buggy_ipyparse/ipv6_mstv.py"", line 132, in convert_ipv6
buggy_ipyparse.ipv6_mstv.InvalidityBug: Number of tokens passed exceeds the permitted number of hexes.
",0,False,False,constraint_violation,2026-04-05 19:47:39
ipv6_parser,BONUS,7684b862be47,9217:30a:28(64:d37f:a39d:d79a:4c79:f448,"Running the IPv6 parser with ipstr: 9217:30a:28(64:d37f:a39d:d79a:4c79:f448
An unknown exception has been triggered. Expected ':', found '('  (at char 11), (line:1, col:12)
============================================================
TRACEBACK
============================================================
============================================================
Saved bug count report and tracebacks for the bugs encountered!
Final bug count: defaultdict(<class 'int'>, {('bonus', <class 'pyparsi","Traceback (most recent call last):
  File ""ipv6_parser_stv.py"", line 219, in <module>
  File ""pyparsing/core.py"", line 1340, in parse_string
pyparsing.exceptions.ParseException: Expected ':', found '('  (at char 11), (line:1, col:12)
Traceback (most recent call last):
  File ""ipv6_parser_stv.py"", line 219, in <module>
  File ""pyparsing/core.py"", line 1340, in parse_string
pyparsing.exceptions.ParseException: Expected ':', found '('  (at char 11), (line:1, col:12)
",0,False,False,byte_insert,2026-04-05 19:47:50
ipv6_parser,BONUS,a3013c46f5a7,b71:5a01:70e\a:9e21:2270:f42d:fe75:4279,"Running the IPv6 parser with ipstr: b71:5a01:70e\a:9e21:2270:f42d:fe75:4279
An unknown exception has been triggered. Expected ':', found '\'  (at char 12), (line:1, col:13)
============================================================
TRACEBACK
============================================================
============================================================
Saved bug count report and tracebacks for the bugs encountered!
Final bug count: defaultdict(<class 'int'>, {('bonus', <class 'pyparsi","Traceback (most recent call last):
  File ""ipv6_parser_stv.py"", line 219, in <module>
  File ""pyparsing/core.py"", line 1340, in parse_string
pyparsing.exceptions.ParseException: Expected ':', found '\'  (at char 12), (line:1, col:13)
Traceback (most recent call last):
  File ""ipv6_parser_stv.py"", line 219, in <module>
  File ""pyparsing/core.py"", line 1340, in parse_string
pyparsing.exceptions.ParseException: Expected ':', found '\'  (at char 12), (line:1, col:13)
",0,False,False,insert_special_char,2026-04-05 19:48:01
ipv6_parser,BONUS,da53d1f80c69,473e:57f5:3864:4cf6:47e6:c524,"Running the IPv6 parser with ipstr: 473e:57f5:3864:4cf6:47e6:c524
An unknown exception has been triggered. Expected ':', found end of text  (at char 29), (line:1, col:30)
============================================================
TRACEBACK
============================================================
============================================================
Saved bug count report and tracebacks for the bugs encountered!
Final bug count: defaultdict(<class 'int'>, {('bonus', <class 'pyparsing","Traceback (most recent call last):
  File ""pyparsing/core.py"", line 950, in _parseNoCache
  File ""pyparsing/core.py"", line 2771, in parseImpl
IndexError: string index out of range

During handling of the above exception, another exception occurred:

Traceback (most recent call last):
  File ""ipv6_parser_stv.py"", line 219, in <module>
  File ""pyparsing/core.py"", line 1340, in parse_string
pyparsing.exceptions.ParseException: Expected ':', found end of text  (at char 29), (line:1, col:30)
Tracebac",0,False,False,truncate,2026-04-05 19:48:12
ipv6_parser,BONUS,ce491ef74e97,9d18:63a0:d152:e743:12cc:23a2:9af1:2b&96,"Running the IPv6 parser with ipstr: 9d18:63a0:d152:e743:12cc:23a2:9af1:2b&96
An unknown exception has been triggered. Expected end of text, found '&'  (at char 37), (line:1, col:38)
============================================================
TRACEBACK
============================================================
============================================================
Saved bug count report and tracebacks for the bugs encountered!
Final bug count: defaultdict(<class 'int'>, {('bonus', <class","Traceback (most recent call last):
  File ""ipv6_parser_stv.py"", line 219, in <module>
  File ""pyparsing/core.py"", line 1340, in parse_string
pyparsing.exceptions.ParseException: Expected end of text, found '&'  (at char 37), (line:1, col:38)
Traceback (most recent call last):
  File ""ipv6_parser_stv.py"", line 219, in <module>
  File ""pyparsing/core.py"", line 1340, in parse_string
pyparsing.exceptions.ParseException: Expected end of text, found '&'  (at char 37), (line:1, col:38)
",0,False,False,byte_insert,2026-04-05 19:48:24
ipv6_parser,BONUS,b84c963dbe74,fcee:2a38:9697:90ba:2eae:cb3a:6196,"Running the IPv6 parser with ipstr: fcee:2a38:9697:90ba:2eae:cb3a:6196
An unknown exception has been triggered. Expected ':', found end of text  (at char 34), (line:1, col:35)
============================================================
TRACEBACK
============================================================
============================================================
Saved bug count report and tracebacks for the bugs encountered!
Final bug count: defaultdict(<class 'int'>, {('bonus', <class 'pypa","Traceback (most recent call last):
  File ""pyparsing/core.py"", line 950, in _parseNoCache
  File ""pyparsing/core.py"", line 2771, in parseImpl
IndexError: string index out of range

During handling of the above exception, another exception occurred:

Traceback (most recent call last):
  File ""ipv6_parser_stv.py"", line 219, in <module>
  File ""pyparsing/core.py"", line 1340, in parse_string
pyparsing.exceptions.ParseException: Expected ':', found end of text  (at char 34), (line:1, col:35)
Tracebac",0,False,False,constraint_violation,2026-04-05 19:48:46
ipv6_parser,BONUS,9e363e74bd18,"9d18:63a0:d1""52:e743:12cc:23a2:9af1:2b&96","Running the IPv6 parser with ipstr: 9d18:63a0:d1""52:e743:12cc:23a2:9af1:2b&96
An unknown exception has been triggered. Expected ':', found '""'  (at char 12), (line:1, col:13)
============================================================
TRACEBACK
============================================================
============================================================
Saved bug count report and tracebacks for the bugs encountered!
Final bug count: defaultdict(<class 'int'>, {('bonus', <class 'pypar","Traceback (most recent call last):
  File ""ipv6_parser_stv.py"", line 219, in <module>
  File ""pyparsing/core.py"", line 1340, in parse_string
pyparsing.exceptions.ParseException: Expected ':', found '""'  (at char 12), (line:1, col:13)
Traceback (most recent call last):
  File ""ipv6_parser_stv.py"", line 219, in <module>
  File ""pyparsing/core.py"", line 1340, in parse_string
pyparsing.exceptions.ParseException: Expected ':', found '""'  (at char 12), (line:1, col:13)
",0,False,False,byte_insert,2026-04-05 19:49:20
ipv6_parser,BONUS,d8635ae310d4,2001:Ndb8::1:192.0.2.33,"Running the IPv6 parser with ipstr: 2001:Ndb8::1:192.0.2.33
An unknown exception has been triggered. Expected W:(0-9A-Fa-f){1,5}, found 'Ndb8'  (at char 5), (line:1, col:6)
============================================================
TRACEBACK
============================================================
============================================================
Saved bug count report and tracebacks for the bugs encountered!
Final bug count: defaultdict(<class 'int'>, {('bonus', <class 'pyparsi","Traceback (most recent call last):
  File ""ipv6_parser_stv.py"", line 219, in <module>
  File ""pyparsing/core.py"", line 1340, in parse_string
pyparsing.exceptions.ParseException: Expected W:(0-9A-Fa-f){1,5}, found 'Ndb8'  (at char 5), (line:1, col:6)
Traceback (most recent call last):
  File ""ipv6_parser_stv.py"", line 219, in <module>
  File ""pyparsing/core.py"", line 1340, in parse_string
pyparsing.exceptions.ParseException: Expected W:(0-9A-Fa-f){1,5}, found 'Ndb8'  (at char 5), (line:1, col:6)
",0,False,False,byte_insert,2026-04-05 19:50:31
ipv6_parser,INVALIDITY,ad2fd8dfb251,1ad43:94db:7849:39f8:b662:63c9:3370:9811,"Running the IPv6 parser with ipstr: 1ad43:94db:7849:39f8:b662:63c9:3370:9811
An invalidity bug has been triggered: Hex of length more than 4 found.
============================================================
TRACEBACK
============================================================
============================================================
Saved bug count report and tracebacks for the bugs encountered!
Final bug count: defaultdict(<class 'int'>, {('invalidity', <class 'buggy_ipyparse.ipv6_mstv.In","Traceback (most recent call last):
  File ""ipv6_parser_stv.py"", line 219, in <module>
  File ""pyparsing/core.py"", line 1328, in parse_string
  File ""pyparsing/core.py"", line 950, in _parseNoCache
  File ""pyparsing/core.py"", line 4754, in parseImpl
  File ""pyparsing/core.py"", line 950, in _parseNoCache
  File ""pyparsing/core.py"", line 4612, in parseImpl
  File ""pyparsing/core.py"", line 950, in _parseNoCache
  File ""pyparsing/core.py"", line 4612, in parseImpl
  File ""pyparsing/core.py"", line 989, ",0,False,False,byte_insert,2026-04-05 19:51:40
ipv6_parser,BONUS,b329efcdbdf0,fc0e:7ba9:48ef:3f43:8168:bdf1:8Mb8c:54a8,"Running the IPv6 parser with ipstr: fc0e:7ba9:48ef:3f43:8168:bdf1:8Mb8c:54a8
An unknown exception has been triggered. Expected ':', found 'Mb8c'  (at char 31), (line:1, col:32)
============================================================
TRACEBACK
============================================================
============================================================
Saved bug count report and tracebacks for the bugs encountered!
Final bug count: defaultdict(<class 'int'>, {('bonus', <class 'pyp","Traceback (most recent call last):
  File ""ipv6_parser_stv.py"", line 219, in <module>
  File ""pyparsing/core.py"", line 1340, in parse_string
pyparsing.exceptions.ParseException: Expected ':', found 'Mb8c'  (at char 31), (line:1, col:32)
Traceback (most recent call last):
  File ""ipv6_parser_stv.py"", line 219, in <module>
  File ""pyparsing/core.py"", line 1340, in parse_string
pyparsing.exceptions.ParseException: Expected ':', found 'Mb8c'  (at char 31), (line:1, col:32)
",0,False,False,byte_insert,2026-04-05 19:51:51
ipv6_parser,BONUS,cc8cf73c897a,a956:7bce:95f5:fa16:4b79:6ae4:afe5:c&d,"Running the IPv6 parser with ipstr: a956:7bce:95f5:fa16:4b79:6ae4:afe5:c&d
An unknown exception has been triggered. Expected end of text, found '&'  (at char 36), (line:1, col:37)
============================================================
TRACEBACK
============================================================
============================================================
Saved bug count report and tracebacks for the bugs encountered!
Final bug count: defaultdict(<class 'int'>, {('bonus', <class '","Traceback (most recent call last):
  File ""ipv6_parser_stv.py"", line 219, in <module>
  File ""pyparsing/core.py"", line 1340, in parse_string
pyparsing.exceptions.ParseException: Expected end of text, found '&'  (at char 36), (line:1, col:37)
Traceback (most recent call last):
  File ""ipv6_parser_stv.py"", line 219, in <module>
  File ""pyparsing/core.py"", line 1340, in parse_string
pyparsing.exceptions.ParseException: Expected end of text, found '&'  (at char 36), (line:1, col:37)
",0,False,False,byte_insert,2026-04-05 19:52:02
ipv6_parser,BONUS,6ce13757f8d1,b71:5a01:70e;\a:9e21:2270:f42d:fe75:4279,"Running the IPv6 parser with ipstr: b71:5a01:70e;\a:9e21:2270:f42d:fe75:4279
An unknown exception has been triggered. Expected ':', found ';'  (at char 12), (line:1, col:13)
============================================================
TRACEBACK
============================================================
============================================================
Saved bug count report and tracebacks for the bugs encountered!
Final bug count: defaultdict(<class 'int'>, {('bonus', <class 'pypars","Traceback (most recent call last):
  File ""ipv6_parser_stv.py"", line 219, in <module>
  File ""pyparsing/core.py"", line 1340, in parse_string
pyparsing.exceptions.ParseException: Expected ':', found ';'  (at char 12), (line:1, col:13)
Traceback (most recent call last):
  File ""ipv6_parser_stv.py"", line 219, in <module>
  File ""pyparsing/core.py"", line 1340, in parse_string
pyparsing.exceptions.ParseException: Expected ':', found ';'  (at char 12), (line:1, col:13)
",0,False,False,byte_insert,2026-04-05 19:52:58
ipv6_parser,BONUS,62682c1a2200,20Y01:db8::1:192.0.2.33,"Running the IPv6 parser with ipstr: 20Y01:db8::1:192.0.2.33
An unknown exception has been triggered. Expected ':', found 'Y01'  (at char 2), (line:1, col:3)
============================================================
TRACEBACK
============================================================
============================================================
Saved bug count report and tracebacks for the bugs encountered!
Final bug count: defaultdict(<class 'int'>, {('bonus', <class 'pyparsing.exceptions.Pa","Traceback (most recent call last):
  File ""ipv6_parser_stv.py"", line 219, in <module>
  File ""pyparsing/core.py"", line 1340, in parse_string
pyparsing.exceptions.ParseException: Expected ':', found 'Y01'  (at char 2), (line:1, col:3)
Traceback (most recent call last):
  File ""ipv6_parser_stv.py"", line 219, in <module>
  File ""pyparsing/core.py"", line 1340, in parse_string
pyparsing.exceptions.ParseException: Expected ':', found 'Y01'  (at char 2), (line:1, col:3)
",0,False,False,byte_insert,2026-04-05 19:53:32
ipv6_parser,BONUS,30a4234f9f51,2001:db8::#1:2:3,"Running the IPv6 parser with ipstr: 2001:db8::#1:2:3
An unknown exception has been triggered. Expected end of text, found '#'  (at char 10), (line:1, col:11)
============================================================
TRACEBACK
============================================================
============================================================
Saved bug count report and tracebacks for the bugs encountered!
Final bug count: defaultdict(<class 'int'>, {('bonus', <class 'pyparsing.exceptions.P","Traceback (most recent call last):
  File ""ipv6_parser_stv.py"", line 219, in <module>
  File ""pyparsing/core.py"", line 1340, in parse_string
pyparsing.exceptions.ParseException: Expected end of text, found '#'  (at char 10), (line:1, col:11)
Traceback (most recent call last):
  File ""ipv6_parser_stv.py"", line 219, in <module>
  File ""pyparsing/core.py"", line 1340, in parse_string
pyparsing.exceptions.ParseException: Expected end of text, found '#'  (at char 10), (line:1, col:11)
",0,False,False,byte_insert,2026-04-05 19:53:54
ipv6_parser,BONUS,efdc531ea04c,6a4a:655a:8bb3:6e32:3434:f5bf:bdb4:av88,"Running the IPv6 parser with ipstr: 6a4a:655a:8bb3:6e32:3434:f5bf:bdb4:av88
An unknown exception has been triggered. Expected end of text, found 'v88'  (at char 36), (line:1, col:37)
============================================================
TRACEBACK
============================================================
============================================================
Saved bug count report and tracebacks for the bugs encountered!
Final bug count: defaultdict(<class 'int'>, {('bonus', <clas","Traceback (most recent call last):
  File ""ipv6_parser_stv.py"", line 219, in <module>
  File ""pyparsing/core.py"", line 1340, in parse_string
pyparsing.exceptions.ParseException: Expected end of text, found 'v88'  (at char 36), (line:1, col:37)
Traceback (most recent call last):
  File ""ipv6_parser_stv.py"", line 219, in <module>
  File ""pyparsing/core.py"", line 1340, in parse_string
pyparsing.exceptions.ParseException: Expected end of text, found 'v88'  (at char 36), (line:1, col:37)
",0,False,False,byte_insert,2026-04-05 19:54:05
ipv6_parser,BONUS,14658d27fd74,2001:db8::1:192.0	.2.33,"Running the IPv6 parser with ipstr: 2001:db8::1:192.0	.2.33
An unknown exception has been triggered. Expected end of text, found '.'  (at char 15), (line:1, col:16)
============================================================
TRACEBACK
============================================================
============================================================
Saved bug count report and tracebacks for the bugs encountered!
Final bug count: defaultdict(<class 'int'>, {('bonus', <class 'pyparsing.excep","Traceback (most recent call last):
  File ""ipv6_parser_stv.py"", line 219, in <module>
  File ""pyparsing/core.py"", line 1340, in parse_string
pyparsing.exceptions.ParseException: Expected end of text, found '.'  (at char 15), (line:1, col:16)
Traceback (most recent call last):
  File ""ipv6_parser_stv.py"", line 219, in <module>
  File ""pyparsing/core.py"", line 1340, in parse_string
pyparsing.exceptions.ParseException: Expected end of text, found '.'  (at char 15), (line:1, col:16)
",0,False,False,byte_insert,2026-04-05 19:55:04
ipv6_parser,BONUS,a00ca8bb97e2,55b9:b9c9:6a4a:d446:e04f:943z0:320b:1a8a,"Running the IPv6 parser with ipstr: 55b9:b9c9:6a4a:d446:e04f:943z0:320b:1a8a
An unknown exception has been triggered. Expected ':', found 'z0'  (at char 28), (line:1, col:29)
============================================================
TRACEBACK
============================================================
============================================================
Saved bug count report and tracebacks for the bugs encountered!
Final bug count: defaultdict(<class 'int'>, {('bonus', <class 'pypar","Traceback (most recent call last):
  File ""ipv6_parser_stv.py"", line 219, in <module>
  File ""pyparsing/core.py"", line 1340, in parse_string
pyparsing.exceptions.ParseException: Expected ':', found 'z0'  (at char 28), (line:1, col:29)
Traceback (most recent call last):
  File ""ipv6_parser_stv.py"", line 219, in <module>
  File ""pyparsing/core.py"", line 1340, in parse_string
pyparsing.exceptions.ParseException: Expected ':', found 'z0'  (at char 28), (line:1, col:29)
",0,False,False,byte_insert,2026-04-05 19:55:15
ipv6_parser,BONUS,bb2f103f7056,6a4a:655a:8bb3:6e32:3434:f5bf:bdb4:av88z,"Running the IPv6 parser with ipstr: 6a4a:655a:8bb3:6e32:3434:f5bf:bdb4:av88z
An unknown exception has been triggered. Expected end of text, found 'v88z'  (at char 36), (line:1, col:37)
============================================================
TRACEBACK
============================================================
============================================================
Saved bug count report and tracebacks for the bugs encountered!
Final bug count: defaultdict(<class 'int'>, {('bonus', <cl","Traceback (most recent call last):
  File ""ipv6_parser_stv.py"", line 219, in <module>
  File ""pyparsing/core.py"", line 1340, in parse_string
pyparsing.exceptions.ParseException: Expected end of text, found 'v88z'  (at char 36), (line:1, col:37)
Traceback (most recent call last):
  File ""ipv6_parser_stv.py"", line 219, in <module>
  File ""pyparsing/core.py"", line 1340, in parse_string
pyparsing.exceptions.ParseException: Expected end of text, found 'v88z'  (at char 36), (line:1, col:37)
",0,False,False,byte_insert,2026-04-05 19:55:27
ipv6_parser,BONUS,ace75ad2b83c,fcee:2a38:969!7:90ba:2eae:cb3a:6196,"Running the IPv6 parser with ipstr: fcee:2a38:969!7:90ba:2eae:cb3a:6196
An unknown exception has been triggered. Expected ':', found '!'  (at char 13), (line:1, col:14)
============================================================
TRACEBACK
============================================================
============================================================
Saved bug count report and tracebacks for the bugs encountered!
Final bug count: defaultdict(<class 'int'>, {('bonus', <class 'pyparsing.e","Traceback (most recent call last):
  File ""ipv6_parser_stv.py"", line 219, in <module>
  File ""pyparsing/core.py"", line 1340, in parse_string
pyparsing.exceptions.ParseException: Expected ':', found '!'  (at char 13), (line:1, col:14)
Traceback (most recent call last):
  File ""ipv6_parser_stv.py"", line 219, in <module>
  File ""pyparsing/core.py"", line 1340, in parse_string
pyparsing.exceptions.ParseException: Expected ':', found '!'  (at char 13), (line:1, col:14)
",0,False,False,byte_insert,2026-04-05 19:55:38
ipv6_parser,BONUS,aaf037aafe2a,2001:RNdb8::1:192.0.2.33,"Running the IPv6 parser with ipstr: 2001:RNdb8::1:192.0.2.33
An unknown exception has been triggered. Expected W:(0-9A-Fa-f){1,5}, found 'RNdb8'  (at char 5), (line:1, col:6)
============================================================
TRACEBACK
============================================================
============================================================
Saved bug count report and tracebacks for the bugs encountered!
Final bug count: defaultdict(<class 'int'>, {('bonus', <class 'pypar","Traceback (most recent call last):
  File ""ipv6_parser_stv.py"", line 219, in <module>
  File ""pyparsing/core.py"", line 1340, in parse_string
pyparsing.exceptions.ParseException: Expected W:(0-9A-Fa-f){1,5}, found 'RNdb8'  (at char 5), (line:1, col:6)
Traceback (most recent call last):
  File ""ipv6_parser_stv.py"", line 219, in <module>
  File ""pyparsing/core.py"", line 1340, in parse_string
pyparsing.exceptions.ParseException: Expected W:(0-9A-Fa-f){1,5}, found 'RNdb8'  (at char 5), (line:1, col:6",0,False,False,byte_insert,2026-04-05 19:55:50
ipv6_parser,BONUS,53203fd19c1c,"9d18:63a[0:d1""52:e743:12cc:23a2:9af1:2b&96","Running the IPv6 parser with ipstr: 9d18:63a[0:d1""52:e743:12cc:23a2:9af1:2b&96
An unknown exception has been triggered. Expected ':', found '['  (at char 8), (line:1, col:9)
============================================================
TRACEBACK
============================================================
============================================================
Saved bug count report and tracebacks for the bugs encountered!
Final bug count: defaultdict(<class 'int'>, {('bonus', <class 'pypars","Traceback (most recent call last):
  File ""ipv6_parser_stv.py"", line 219, in <module>
  File ""pyparsing/core.py"", line 1340, in parse_string
pyparsing.exceptions.ParseException: Expected ':', found '['  (at char 8), (line:1, col:9)
Traceback (most recent call last):
  File ""ipv6_parser_stv.py"", line 219, in <module>
  File ""pyparsing/core.py"", line 1340, in parse_string
pyparsing.exceptions.ParseException: Expected ':', found '['  (at char 8), (line:1, col:9)
",0,False,False,byte_insert,2026-04-05 19:56:01
ipv6_parser,BONUS,4e8a6cd17893,7e4:47c0:3f59:99d1:d6ce:639a:d3c@2:948f,"Running the IPv6 parser with ipstr: 7e4:47c0:3f59:99d1:d6ce:639a:d3c@2:948f
An unknown exception has been triggered. Expected ':', found '@'  (at char 32), (line:1, col:33)
============================================================
TRACEBACK
============================================================
============================================================
Saved bug count report and tracebacks for the bugs encountered!
Final bug count: defaultdict(<class 'int'>, {('bonus', <class 'pyparsi","Traceback (most recent call last):
  File ""ipv6_parser_stv.py"", line 219, in <module>
  File ""pyparsing/core.py"", line 1340, in parse_string
pyparsing.exceptions.ParseException: Expected ':', found '@'  (at char 32), (line:1, col:33)
Traceback (most recent call last):
  File ""ipv6_parser_stv.py"", line 219, in <module>
  File ""pyparsing/core.py"", line 1340, in parse_string
pyparsing.exceptions.ParseException: Expected ':', found '@'  (at char 32), (line:1, col:33)
",0,False,False,byte_insert,2026-04-05 19:56:25
ipv6_parser,BONUS,56f6bd0fff84,aa60:95d7:a8c7:1421:149e:15sfe:37a8:a0d7,"Running the IPv6 parser with ipstr: aa60:95d7:a8c7:1421:149e:15sfe:37a8:a0d7
An unknown exception has been triggered. Expected ':', found 'sfe'  (at char 27), (line:1, col:28)
============================================================
TRACEBACK
============================================================
============================================================
Saved bug count report and tracebacks for the bugs encountered!
Final bug count: defaultdict(<class 'int'>, {('bonus', <class 'pypa","Traceback (most recent call last):
  File ""ipv6_parser_stv.py"", line 219, in <module>
  File ""pyparsing/core.py"", line 1340, in parse_string
pyparsing.exceptions.ParseException: Expected ':', found 'sfe'  (at char 27), (line:1, col:28)
Traceback (most recent call last):
  File ""ipv6_parser_stv.py"", line 219, in <module>
  File ""pyparsing/core.py"", line 1340, in parse_string
pyparsing.exceptions.ParseException: Expected ':', found 'sfe'  (at char 27), (line:1, col:28)
",0,False,False,byte_insert,2026-04-05 19:56:37
ipv6_parser,BONUS,fc570c96ac8c,55b9:b9c9:6a74a:d446:e04f:943z0:320b:1a8a,"Running the IPv6 parser with ipstr: 55b9:b9c9:6a74a:d446:e04f:943z0:320b:1a8a
An unknown exception has been triggered. Expected ':', found 'z0'  (at char 29), (line:1, col:30)
============================================================
TRACEBACK
============================================================
============================================================
Saved bug count report and tracebacks for the bugs encountered!
Final bug count: defaultdict(<class 'int'>, {('bonus', <class 'pypa","Traceback (most recent call last):
  File ""ipv6_parser_stv.py"", line 219, in <module>
  File ""pyparsing/core.py"", line 1340, in parse_string
pyparsing.exceptions.ParseException: Expected ':', found 'z0'  (at char 29), (line:1, col:30)
Traceback (most recent call last):
  File ""ipv6_parser_stv.py"", line 219, in <module>
  File ""pyparsing/core.py"", line 1340, in parse_string
pyparsing.exceptions.ParseException: Expected ':', found 'z0'  (at char 29), (line:1, col:30)
",0,False,False,byte_insert,2026-04-05 19:56:48
ipv6_parser,BONUS,28a79a260f33,vfc0e:7ba9:48ef:3f43:8168:bdf1:8Mb8c:54a8,"Running the IPv6 parser with ipstr: vfc0e:7ba9:48ef:3f43:8168:bdf1:8Mb8c:54a8
An unknown exception has been triggered. Expected {{W:(0-9A-Fa-f){1,5} Suppress:(':')} {W:(0-9A-Fa-f){1,5} Suppress:(':')} {W:(0-9A-Fa-f){1,5} Suppress:(':')} {W:(0-9A-Fa-f){1,5} Suppress:(':')} {W:(0-9A-Fa-f){1,5} Suppress:(':')} {W:(0-9A-Fa-f){1,5} Suppress:(':')} {W:(0-9A-Fa-f){1,5} Suppress:(':')} [W:(0-9A-Fa-f){1,5} Suppress:(':')] W:(0-9A-Fa-f){1,5} ^ {{W:(0-9A-Fa-f){1,5} Suppress:(':')} {W:(0-9A-Fa-f){1,5} Suppr","Traceback (most recent call last):
  File ""ipv6_parser_stv.py"", line 219, in <module>
  File ""pyparsing/core.py"", line 1340, in parse_string
pyparsing.exceptions.ParseException: Expected {{W:(0-9A-Fa-f){1,5} Suppress:(':')} {W:(0-9A-Fa-f){1,5} Suppress:(':')} {W:(0-9A-Fa-f){1,5} Suppress:(':')} {W:(0-9A-Fa-f){1,5} Suppress:(':')} {W:(0-9A-Fa-f){1,5} Suppress:(':')} {W:(0-9A-Fa-f){1,5} Suppress:(':')} {W:(0-9A-Fa-f){1,5} Suppress:(':')} [W:(0-9A-Fa-f){1,5} Suppress:(':')] W:(0-9A-Fa-f){1,5} ^ {{W",0,False,False,byte_insert,2026-04-05 19:57:00
ipv6_parser,BONUS,e6ca1cbc1b55,61f 8:3467:ffc2:e5d2:d292:d395:5692:2308,"Running the IPv6 parser with ipstr: 61f 8:3467:ffc2:e5d2:d292:d395:5692:2308
An unknown exception has been triggered. Expected ':', found ' '  (at char 3), (line:1, col:4)
============================================================
TRACEBACK
============================================================
============================================================
Saved bug count report and tracebacks for the bugs encountered!
Final bug count: defaultdict(<class 'int'>, {('bonus', <class 'pyparsin","Traceback (most recent call last):
  File ""ipv6_parser_stv.py"", line 219, in <module>
  File ""pyparsing/core.py"", line 1340, in parse_string
pyparsing.exceptions.ParseException: Expected ':', found ' '  (at char 3), (line:1, col:4)
Traceback (most recent call last):
  File ""ipv6_parser_stv.py"", line 219, in <module>
  File ""pyparsing/core.py"", line 1340, in parse_string
pyparsing.exceptions.ParseException: Expected ':', found ' '  (at char 3), (line:1, col:4)
",0,False,False,byte_insert,2026-04-05 19:57:11
ipv6_parser,BONUS,801169bc030f,6a4a:655a:8Gbb3:6e32:3434:f5bf:bdb4:a88,"Running the IPv6 parser with ipstr: 6a4a:655a:8Gbb3:6e32:3434:f5bf:bdb4:a88
An unknown exception has been triggered. Expected ':', found 'Gbb3'  (at char 11), (line:1, col:12)
============================================================
TRACEBACK
============================================================
============================================================
Saved bug count report and tracebacks for the bugs encountered!
Final bug count: defaultdict(<class 'int'>, {('bonus', <class 'pypa","Traceback (most recent call last):
  File ""ipv6_parser_stv.py"", line 219, in <module>
  File ""pyparsing/core.py"", line 1340, in parse_string
pyparsing.exceptions.ParseException: Expected ':', found 'Gbb3'  (at char 11), (line:1, col:12)
Traceback (most recent call last):
  File ""ipv6_parser_stv.py"", line 219, in <module>
  File ""pyparsing/core.py"", line 1340, in parse_string
pyparsing.exceptions.ParseException: Expected ':', found 'Gbb3'  (at char 11), (line:1, col:12)
",0,False,False,byte_insert,2026-04-05 19:57:22
ipv6_parser,BONUS,eb47bf045952,9d18:63a0:ud152:e743:12cc:23a2:9af1:2b&96,"Running the IPv6 parser with ipstr: 9d18:63a0:ud152:e743:12cc:23a2:9af1:2b&96
An unknown exception has been triggered. Expected W:(0-9A-Fa-f){1,5}, found 'ud152'  (at char 10), (line:1, col:11)
============================================================
TRACEBACK
============================================================
============================================================
Saved bug count report and tracebacks for the bugs encountered!
Final bug count: defaultdict(<class 'int'>, {('bo","Traceback (most recent call last):
  File ""ipv6_parser_stv.py"", line 219, in <module>
  File ""pyparsing/core.py"", line 1340, in parse_string
pyparsing.exceptions.ParseException: Expected W:(0-9A-Fa-f){1,5}, found 'ud152'  (at char 10), (line:1, col:11)
Traceback (most recent call last):
  File ""ipv6_parser_stv.py"", line 219, in <module>
  File ""pyparsing/core.py"", line 1340, in parse_string
pyparsing.exceptions.ParseException: Expected W:(0-9A-Fa-f){1,5}, found 'ud152'  (at char 10), (line:1, co",0,False,False,byte_insert,2026-04-05 19:57:34
ipv6_parser,BONUS,dcb92585df6a,2|001:db8::,"Running the IPv6 parser with ipstr: 2|001:db8::
An unknown exception has been triggered. Expected ':', found '|'  (at char 1), (line:1, col:2)
============================================================
TRACEBACK
============================================================
============================================================
Saved bug count report and tracebacks for the bugs encountered!
Final bug count: defaultdict(<class 'int'>, {('bonus', <class 'pyparsing.exceptions.ParseException'>","Traceback (most recent call last):
  File ""ipv6_parser_stv.py"", line 219, in <module>
  File ""pyparsing/core.py"", line 1340, in parse_string
pyparsing.exceptions.ParseException: Expected ':', found '|'  (at char 1), (line:1, col:2)
Traceback (most recent call last):
  File ""ipv6_parser_stv.py"", line 219, in <module>
  File ""pyparsing/core.py"", line 1340, in parse_string
pyparsing.exceptions.ParseException: Expected ':', found '|'  (at char 1), (line:1, col:2)
",0,False,False,byte_insert,2026-04-05 19:57:45
ipv6_parser,BONUS,e8374545f5bb,473e:57fv5:3864:4cf6:47e6:c524,"Running the IPv6 parser with ipstr: 473e:57fv5:3864:4cf6:47e6:c524
An unknown exception has been triggered. Expected ':', found 'v5'  (at char 8), (line:1, col:9)
============================================================
TRACEBACK
============================================================
============================================================
Saved bug count report and tracebacks for the bugs encountered!
Final bug count: defaultdict(<class 'int'>, {('bonus', <class 'pyparsing.excepti","Traceback (most recent call last):
  File ""ipv6_parser_stv.py"", line 219, in <module>
  File ""pyparsing/core.py"", line 1340, in parse_string
pyparsing.exceptions.ParseException: Expected ':', found 'v5'  (at char 8), (line:1, col:9)
Traceback (most recent call last):
  File ""ipv6_parser_stv.py"", line 219, in <module>
  File ""pyparsing/core.py"", line 1340, in parse_string
pyparsing.exceptions.ParseException: Expected ':', found 'v5'  (at char 8), (line:1, col:9)
",0,False,False,byte_insert,2026-04-05 19:57:56
ipv6_parser,BONUS,3ac8f84e501c,"451e:39b0:f926:fa1c:39ee:a6""5a:86ab:4b42","Running the IPv6 parser with ipstr: 451e:39b0:f926:fa1c:39ee:a6""5a:86ab:4b42
An unknown exception has been triggered. Expected ':', found '""'  (at char 27), (line:1, col:28)
============================================================
TRACEBACK
============================================================
============================================================
Saved bug count report and tracebacks for the bugs encountered!
Final bug count: defaultdict(<class 'int'>, {('bonus', <class 'pypars","Traceback (most recent call last):
  File ""ipv6_parser_stv.py"", line 219, in <module>
  File ""pyparsing/core.py"", line 1340, in parse_string
pyparsing.exceptions.ParseException: Expected ':', found '""'  (at char 27), (line:1, col:28)
Traceback (most recent call last):
  File ""ipv6_parser_stv.py"", line 219, in <module>
  File ""pyparsing/core.py"", line 1340, in parse_string
pyparsing.exceptions.ParseException: Expected ':', found '""'  (at char 27), (line:1, col:28)
",0,False,False,byte_insert,2026-04-05 19:58:07
ipv6_parser,BONUS,c879cbb7f875,6a4a:655a:8Ibb3:6e32:3434:f5bf:bdb4:a88,"Running the IPv6 parser with ipstr: 6a4a:655a:8Ibb3:6e32:3434:f5bf:bdb4:a88
An unknown exception has been triggered. Expected ':', found 'Ibb3'  (at char 11), (line:1, col:12)
============================================================
TRACEBACK
============================================================
============================================================
Saved bug count report and tracebacks for the bugs encountered!
Final bug count: defaultdict(<class 'int'>, {('bonus', <class 'pypa","Traceback (most recent call last):
  File ""ipv6_parser_stv.py"", line 219, in <module>
  File ""pyparsing/core.py"", line 1340, in parse_string
pyparsing.exceptions.ParseException: Expected ':', found 'Ibb3'  (at char 11), (line:1, col:12)
Traceback (most recent call last):
  File ""ipv6_parser_stv.py"", line 219, in <module>
  File ""pyparsing/core.py"", line 1340, in parse_string
pyparsing.exceptions.ParseException: Expected ':', found 'Ibb3'  (at char 11), (line:1, col:12)
",0,False,False,byte_insert,2026-04-05 19:58:29
ipv6_parser,BONUS,1240bdb714f6,7e4:47c0:3f59:99d1:d6cKe:639a:d3c2:948f,"Running the IPv6 parser with ipstr: 7e4:47c0:3f59:99d1:d6cKe:639a:d3c2:948f
An unknown exception has been triggered. Expected ':', found 'Ke'  (at char 22), (line:1, col:23)
============================================================
TRACEBACK
============================================================
============================================================
Saved bug count report and tracebacks for the bugs encountered!
Final bug count: defaultdict(<class 'int'>, {('bonus', <class 'pypars","Traceback (most recent call last):
  File ""ipv6_parser_stv.py"", line 219, in <module>
  File ""pyparsing/core.py"", line 1340, in parse_string
pyparsing.exceptions.ParseException: Expected ':', found 'Ke'  (at char 22), (line:1, col:23)
Traceback (most recent call last):
  File ""ipv6_parser_stv.py"", line 219, in <module>
  File ""pyparsing/core.py"", line 1340, in parse_string
pyparsing.exceptions.ParseException: Expected ':', found 'Ke'  (at char 22), (line:1, col:23)
",0,False,False,byte_insert,2026-04-05 19:58:40
ipv6_parser,BONUS,bdf040df84e9,b[71:5a01:70e;\a:9e21:2270:f42d:fe75:4279,"Running the IPv6 parser with ipstr: b[71:5a01:70e;\a:9e21:2270:f42d:fe75:4279
An unknown exception has been triggered. Expected ':', found '['  (at char 1), (line:1, col:2)
============================================================
TRACEBACK
============================================================
============================================================
Saved bug count report and tracebacks for the bugs encountered!
Final bug count: defaultdict(<class 'int'>, {('bonus', <class 'pyparsi","Traceback (most recent call last):
  File ""ipv6_parser_stv.py"", line 219, in <module>
  File ""pyparsing/core.py"", line 1340, in parse_string
pyparsing.exceptions.ParseException: Expected ':', found '['  (at char 1), (line:1, col:2)
Traceback (most recent call last):
  File ""ipv6_parser_stv.py"", line 219, in <module>
  File ""pyparsing/core.py"", line 1340, in parse_string
pyparsing.exceptions.ParseException: Expected ':', found '['  (at char 1), (line:1, col:2)
",0,False,False,byte_insert,2026-04-05 19:58:52
ipv6_parser,BONUS,23756fe10f48,9663:d107=:8716:1f12:8fdf:c3dc:923a:73dc,"Running the IPv6 parser with ipstr: 9663:d107=:8716:1f12:8fdf:c3dc:923a:73dc
An unknown exception has been triggered. Expected ':', found '='  (at char 9), (line:1, col:10)
============================================================
TRACEBACK
============================================================
============================================================
Saved bug count report and tracebacks for the bugs encountered!
Final bug count: defaultdict(<class 'int'>, {('bonus', <class 'pyparsi","Traceback (most recent call last):
  File ""ipv6_parser_stv.py"", line 219, in <module>
  File ""pyparsing/core.py"", line 1340, in parse_string
pyparsing.exceptions.ParseException: Expected ':', found '='  (at char 9), (line:1, col:10)
Traceback (most recent call last):
  File ""ipv6_parser_stv.py"", line 219, in <module>
  File ""pyparsing/core.py"", line 1340, in parse_string
pyparsing.exceptions.ParseException: Expected ':', found '='  (at char 9), (line:1, col:10)
",0,False,False,byte_insert,2026-04-05 23:52:37
ipv6_parser,BONUS,9f8f02b9981c,9663:d107:8716:1f:218fdf:c3dc:923a:73dc,"Running the IPv6 parser with ipstr: 9663:d107:8716:1f:218fdf:c3dc:923a:73dc
An unknown exception has been triggered. Expected ':', found 'f'  (at char 23), (line:1, col:24)
============================================================
TRACEBACK
============================================================
============================================================
Saved bug count report and tracebacks for the bugs encountered!
Final bug count: defaultdict(<class 'int'>, {('bonus', <class 'pyparsi","Traceback (most recent call last):
  File ""ipv6_parser_stv.py"", line 219, in <module>
  File ""pyparsing/core.py"", line 1340, in parse_string
pyparsing.exceptions.ParseException: Expected ':', found 'f'  (at char 23), (line:1, col:24)
Traceback (most recent call last):
  File ""ipv6_parser_stv.py"", line 219, in <module>
  File ""pyparsing/core.py"", line 1340, in parse_string
pyparsing.exceptions.ParseException: Expected ':', found 'f'  (at char 23), (line:1, col:24)
",0,False,False,swap_chars,2026-04-05 23:52:49
ipv6_parser,INVALIDITY,ad2fd8dfb251,53e:fdd:5e45::f8d:61ebaf9e4:6802:bc3b,"Running the IPv6 parser with ipstr: 53e:fdd:5e45::f8d:61ebaf9e4:6802:bc3b
An invalidity bug has been triggered: Hex of length more than 4 found.
============================================================
TRACEBACK
============================================================
============================================================
Saved bug count report and tracebacks for the bugs encountered!
Final bug count: defaultdict(<class 'int'>, {('invalidity', <class 'buggy_ipyparse.ipv6_mstv.Inval","Traceback (most recent call last):
  File ""ipv6_parser_stv.py"", line 219, in <module>
  File ""pyparsing/core.py"", line 1328, in parse_string
  File ""pyparsing/core.py"", line 950, in _parseNoCache
  File ""pyparsing/core.py"", line 4754, in parseImpl
  File ""pyparsing/core.py"", line 950, in _parseNoCache
  File ""pyparsing/core.py"", line 4634, in parseImpl
  File ""pyparsing/core.py"", line 989, in _parseNoCache
  File ""pyparsing/core.py"", line 281, in wrapper
  File ""buggy_ipyparse/ipv6_mstv.py"", lin",0,False,False,swap_chars,2026-04-05 23:53:14
ipv6_parser,BONUS,838a85ae925b,e3a2:e658:f4db:bace:9527:bd64:7881:db:bace:9527:bd64:7881:db:bace:9527:bd64:7881:db:bace:9527:bd64:7881:db:bace:9527:bd64:7881:db:bace:9527:bd64:7881:effc,,"Traceback (most recent call last):
  File ""<frozen importlib._bootstrap>"", line 1331, in _find_and_load_unlocked
  File ""<frozen importlib._bootstrap>"", line 935, in _load_unlocked
  File ""pyimod02_importers.py"", line 457, in exec_module
  File ""setuptools/dist.py"", line 20, in <module>
  File ""<frozen importlib._bootstrap>"", line 1360, in _find_and_load
  File ""<frozen importlib._bootstrap>"", line 1331, in _find_and_load_unlocked
  File ""<frozen importlib._bootstrap>"", line 935, in _load_unlock",1,False,False,repeat_chunk,2026-04-05 23:59:09
ipv6_parser,RELIABILITY,b1772531d20947de,8c04:6e3Od:cf35:7362:1449:1f4:c220:7c8d,,,3221225786,False,False,byte_insert,2026-04-06 14:14:34
ipv6_parser,INVALIDITY,779f762f0e91733d,200d:1b8::1,"Running the IPv4 parser with ipstr: 200d:1b8::1
============================================================
TRACEBACK
============================================================
============================================================
Saved bug count report and tracebacks for the bugs encountered!
Final bug count: defaultdict(<class 'int'>, {('invalidity', <class 'pyparsing.exceptions.ParseException'>, ""Expected '.', found 'd'  (at char 3), (line:1, col:4)"", 'pyparsing\\core.py', 134","Traceback (most recent call last):
  File ""ipv4_parser_stv.py"", line 220, in <module>
  File ""pyparsing\core.py"", line 1340, in parse_string
pyparsing.exceptions.ParseException: Expected '.', found 'd'  (at char 3), (line:1, col:4)
",0,False,False,swap_chars,2026-04-06 14:21:17
ipv6_parser,INVALIDITY,57c0e01d3430b629,36b3:a119:1e01:3677:cb4e:e93b:cfe5:1c7di,"Running the IPv4 parser with ipstr: 36b3:a119:1e01:3677:cb4e:e93b:cfe5:1c7di
============================================================
TRACEBACK
============================================================
============================================================
Saved bug count report and tracebacks for the bugs encountered!
Final bug count: defaultdict(<class 'int'>, {('invalidity', <class 'pyparsing.exceptions.ParseException'>, ""Expected '.', found 'b3'  (at char 2), (line:1, col:","Traceback (most recent call last):
  File ""ipv4_parser_stv.py"", line 220, in <module>
  File ""pyparsing\core.py"", line 1340, in parse_string
pyparsing.exceptions.ParseException: Expected '.', found 'b3'  (at char 2), (line:1, col:3)
",0,False,False,byte_insert,2026-04-06 14:21:38
ipv6_parser,INVALIDITY,6fb0b1834584ee8f,200:1db8::1,"Running the IPv4 parser with ipstr: 200:1db8::1
============================================================
TRACEBACK
============================================================
============================================================
Saved bug count report and tracebacks for the bugs encountered!
Final bug count: defaultdict(<class 'int'>, {('invalidity', <class 'pyparsing.exceptions.ParseException'>, ""Expected '.', found ':'  (at char 3), (line:1, col:4)"", 'pyparsing\\core.py', 134","Traceback (most recent call last):
  File ""ipv4_parser_stv.py"", line 220, in <module>
  File ""pyparsing\core.py"", line 1340, in parse_string
pyparsing.exceptions.ParseException: Expected '.', found ':'  (at char 3), (line:1, col:4)
",0,False,False,swap_chars,2026-04-06 14:21:59
ipv6_parser,INVALIDITY,d543ab30b95a73f6,2022:e739:e35e:121f:68af:6eca:cbab:4fa,"Running the IPv4 parser with ipstr: 2022:e739:e35e:121f:68af:6eca:cbab:4fa
============================================================
TRACEBACK
============================================================
============================================================
Saved bug count report and tracebacks for the bugs encountered!
Final bug count: defaultdict(<class 'int'>, {('invalidity', <class 'pyparsing.exceptions.ParseException'>, ""Expected '.', found '2'  (at char 3), (line:1, col:4)""","Traceback (most recent call last):
  File ""ipv4_parser_stv.py"", line 220, in <module>
  File ""pyparsing\core.py"", line 1340, in parse_string
pyparsing.exceptions.ParseException: Expected '.', found '2'  (at char 3), (line:1, col:4)
",0,False,False,radamsa,2026-04-06 14:22:24
ipv6_parser,INVALIDITY,b01414fee6e61388,28bf:c2c1:f23e:a1bd:66ff:c14a:a344:4,"Running the IPv4 parser with ipstr: 28bf:c2c1:f23e:a1bd:66ff:c14a:a344:4
============================================================
TRACEBACK
============================================================
============================================================
Saved bug count report and tracebacks for the bugs encountered!
Final bug count: defaultdict(<class 'int'>, {('invalidity', <class 'pyparsing.exceptions.ParseException'>, ""Expected '.', found 'bf'  (at char 2), (line:1, col:3)"",","Traceback (most recent call last):
  File ""ipv4_parser_stv.py"", line 220, in <module>
  File ""pyparsing\core.py"", line 1340, in parse_string
pyparsing.exceptions.ParseException: Expected '.', found 'bf'  (at char 2), (line:1, col:3)
",0,False,False,truncate,2026-04-06 14:22:49
ipv6_parser,BONUS,7d4e5e246d2dd9ef,982e:8fd0:d67e:10be:b714:4bc1:f261:bcc9.extra,,"Traceback (most recent call last):
  File ""pyi_rth_pkgres.py"", line 177, in <module>
  File ""pyi_rth_pkgres.py"", line 44, in _pyi_rthook
  File ""<frozen importlib._bootstrap>"", line 1360, in _find_and_load
  File ""<frozen importlib._bootstrap>"", line 1331, in _find_and_load_unlocked
  File ""<frozen importlib._bootstrap>"", line 935, in _load_unlocked
  File ""pyimod02_importers.py"", line 457, in exec_module
  File ""pkg_resources/__init__.py"", line 90, in <module>
  File ""<frozen importlib._bootstr",1,False,False,constraint_violation,2026-04-08 17:54:59
ipv6_parser,BONUS,4aadfa0371cad6f5,44e4:a749:1c1e:3cee:722f:83a9:60f3:58ce.extra,,"Traceback (most recent call last):
  File ""pyi_rth_inspect.py"", line 98, in <module>
  File ""pyi_rth_inspect.py"", line 14, in _pyi_rthook
  File ""<frozen importlib._bootstrap>"", line 1360, in _find_and_load
  File ""<frozen importlib._bootstrap>"", line 1331, in _find_and_load_unlocked
  File ""<frozen importlib._bootstrap>"", line 935, in _load_unlocked
  File ""pyimod02_importers.py"", line 457, in exec_module
  File ""inspect.py"", line 146, in <module>
  File ""<frozen importlib._bootstrap>"", line 13",1,False,False,constraint_violation,2026-04-08 18:33:49
ipv6_parser,RELIABILITY,8aeef6c2f1b930f0,2001:db8::::::,"Running the IPv6 parser with ipstr: 2001:db8::::::
A reliability bug has been triggered: Incorrect token length.
============================================================
TRACEBACK
============================================================
============================================================
Saved bug count report and tracebacks for the bugs encountered!
Final bug count: defaultdict(<class 'int'>, {('reliability', <class 'buggy_ipyparse.ipv6_mstv.ReliabilityBug'>, 'Incorrect token l","Traceback (most recent call last):
  File ""ipv6_parser_stv.py"", line 219, in <module>
  File ""pyparsing/core.py"", line 1328, in parse_string
  File ""pyparsing/core.py"", line 989, in _parseNoCache
  File ""pyparsing/core.py"", line 284, in wrapper
  File ""buggy_ipyparse/ipv6_mstv.py"", line 126, in convert_ipv6
buggy_ipyparse.ipv6_mstv.ReliabilityBug: Incorrect token length.
",0,False,False,repeat_chunk,2026-04-08 18:53:42
ipv6_parser,BONUS,cc1943dc5612d62b,1fd8:c96:1c88:1111111e:48ae:d4d9:64da:2d1c,"Running the IPv6 parser with ipstr: 1fd8:c96:1c88:1111111e:48ae:d4d9:64da:2d1c
An unknown exception has been triggered. Expected ':', found '11e'  (at char 19), (line:1, col:20)
============================================================
TRACEBACK
============================================================
============================================================
Saved bug count report and tracebacks for the bugs encountered!
Final bug count: defaultdict(<class 'int'>, {('bonus', <class 'py","Traceback (most recent call last):
  File ""ipv6_parser_stv.py"", line 219, in <module>
  File ""pyparsing/core.py"", line 1340, in parse_string
pyparsing.exceptions.ParseException: Expected ':', found '11e'  (at char 19), (line:1, col:20)
Traceback (most recent call last):
  File ""ipv6_parser_stv.py"", line 219, in <module>
  File ""pyparsing/core.py"", line 1340, in parse_string
pyparsing.exceptions.ParseException: Expected ':', found '11e'  (at char 19), (line:1, col:20)
",0,False,False,repeat_chunk,2026-04-08 18:53:56
ipv6_parser,INVALIDITY,ad2fd8dfb251badd,bafb:1059:e8d::96bd2dd4e:52c5:ba52:ee22,"Running the IPv6 parser with ipstr: bafb:1059:e8d::96bd2dd4e:52c5:ba52:ee22
An invalidity bug has been triggered: Hex of length more than 4 found.
============================================================
TRACEBACK
============================================================
============================================================
Saved bug count report and tracebacks for the bugs encountered!
Final bug count: defaultdict(<class 'int'>, {('invalidity', <class 'buggy_ipyparse.ipv6_mstv.Inv","Traceback (most recent call last):
  File ""ipv6_parser_stv.py"", line 219, in <module>
  File ""pyparsing/core.py"", line 1328, in parse_string
  File ""pyparsing/core.py"", line 950, in _parseNoCache
  File ""pyparsing/core.py"", line 4754, in parseImpl
  File ""pyparsing/core.py"", line 950, in _parseNoCache
  File ""pyparsing/core.py"", line 4634, in parseImpl
  File ""pyparsing/core.py"", line 989, in _parseNoCache
  File ""pyparsing/core.py"", line 281, in wrapper
  File ""buggy_ipyparse/ipv6_mstv.py"", lin",0,False,False,swap_chars,2026-04-08 18:54:36
ipv6_parser,INVALIDITY,991a8cf2edb424f3,8b0b:b575:2457:f0a:3140:9523:4684:864:7b84:ba32,"Running the IPv6 parser with ipstr: 8b0b:b575:2457:f0a:3140:9523:4684:864:7b84:ba32
An invalidity bug has been triggered: Number of tokens passed exceeds the permitted number of hexes.
============================================================
TRACEBACK
============================================================
============================================================
Saved bug count report and tracebacks for the bugs encountered!
Final bug count: defaultdict(<class 'int'>, {('invalidity'","Traceback (most recent call last):
  File ""ipv6_parser_stv.py"", line 219, in <module>
  File ""pyparsing/core.py"", line 1328, in parse_string
  File ""pyparsing/core.py"", line 989, in _parseNoCache
  File ""pyparsing/core.py"", line 284, in wrapper
  File ""buggy_ipyparse/ipv6_mstv.py"", line 132, in convert_ipv6
buggy_ipyparse.ipv6_mstv.InvalidityBug: Number of tokens passed exceeds the permitted number of hexes.
",0,False,False,grammar_mutate,2026-04-08 18:55:01
ipv6_parser,INVALIDITY,ad2fd8dfb251badd,9231:89fe:de4e:60af::d6b:2925c7b93:11e,"Running the IPv6 parser with ipstr: 9231:89fe:de4e:60af::d6b:2925c7b93:11e
An invalidity bug has been triggered: Hex of length more than 4 found.
============================================================
TRACEBACK
============================================================
============================================================
Saved bug count report and tracebacks for the bugs encountered!
Final bug count: defaultdict(<class 'int'>, {('invalidity', <class 'buggy_ipyparse.ipv6_mstv.Inva","Traceback (most recent call last):
  File ""ipv6_parser_stv.py"", line 219, in <module>
  File ""pyparsing/core.py"", line 1328, in parse_string
  File ""pyparsing/core.py"", line 950, in _parseNoCache
  File ""pyparsing/core.py"", line 4754, in parseImpl
  File ""pyparsing/core.py"", line 950, in _parseNoCache
  File ""pyparsing/core.py"", line 4634, in parseImpl
  File ""pyparsing/core.py"", line 989, in _parseNoCache
  File ""pyparsing/core.py"", line 281, in wrapper
  File ""buggy_ipyparse/ipv6_mstv.py"", lin",0,False,False,swap_chars,2026-04-08 19:06:46
ipv6_parser,BONUS,95feaa3fa7d875f6,db1f:688:8ae4:ab05:5765:5dd2:60ed:5c.extra,"Running the IPv6 parser with ipstr: db1f:688:8ae4:ab05:5765:5dd2:60ed:5c.extra
An unknown exception has been triggered. Expected end of text, found '.'  (at char 36), (line:1, col:37)
============================================================
TRACEBACK
============================================================
============================================================
Saved bug count report and tracebacks for the bugs encountered!
Final bug count: defaultdict(<class 'int'>, {('bonus', <cla","Traceback (most recent call last):
  File ""ipv6_parser_stv.py"", line 219, in <module>
  File ""pyparsing/core.py"", line 1340, in parse_string
pyparsing.exceptions.ParseException: Expected end of text, found '.'  (at char 36), (line:1, col:37)
Traceback (most recent call last):
  File ""ipv6_parser_stv.py"", line 219, in <module>
  File ""pyparsing/core.py"", line 1340, in parse_string
pyparsing.exceptions.ParseException: Expected end of text, found '.'  (at char 36), (line:1, col:37)
",0,False,False,constraint_violation,2026-04-08 19:07:22
ipv6_parser,BONUS,5767590dab101176,2801*db0::1:2,"Running the IPv6 parser with ipstr: 2801*db0::1:2
An unknown exception has been triggered. Expected ':', found '*'  (at char 4), (line:1, col:5)
============================================================
TRACEBACK
============================================================
============================================================
Saved bug count report and tracebacks for the bugs encountered!
Final bug count: defaultdict(<class 'int'>, {('bonus', <class 'pyparsing.exceptions.ParseException","Traceback (most recent call last):
  File ""ipv6_parser_stv.py"", line 219, in <module>
  File ""pyparsing/core.py"", line 1340, in parse_string
pyparsing.exceptions.ParseException: Expected ':', found '*'  (at char 4), (line:1, col:5)
Traceback (most recent call last):
  File ""ipv6_parser_stv.py"", line 219, in <module>
  File ""pyparsing/core.py"", line 1340, in parse_string
pyparsing.exceptions.ParseException: Expected ':', found '*'  (at char 4), (line:1, col:5)
",0,False,False,bit_flip,2026-04-08 19:08:04
ipv6_parser,BONUS,1f79b628212b270a,2001:db8::1:192.0.&&2.33,"Running the IPv6 parser with ipstr: 2001:db8::1:192.0.&&2.33
An unknown exception has been triggered. Expected end of text, found '.'  (at char 15), (line:1, col:16)
============================================================
TRACEBACK
============================================================
============================================================
Saved bug count report and tracebacks for the bugs encountered!
Final bug count: defaultdict(<class 'int'>, {('bonus', <class 'pyparsing.exce","Traceback (most recent call last):
  File ""ipv6_parser_stv.py"", line 219, in <module>
  File ""pyparsing/core.py"", line 1340, in parse_string
pyparsing.exceptions.ParseException: Expected end of text, found '.'  (at char 15), (line:1, col:16)
Traceback (most recent call last):
  File ""ipv6_parser_stv.py"", line 219, in <module>
  File ""pyparsing/core.py"", line 1340, in parse_string
pyparsing.exceptions.ParseException: Expected end of text, found '.'  (at char 15), (line:1, col:16)
",0,False,False,insert_special_char,2026-04-08 19:08:28
ipv6_parser,BONUS,af266dfed8800866,2001:db8: :0:0:0:192.0.2.33,,"Traceback (most recent call last):
  File ""pyi_rth_inspect.py"", line 98, in <module>
object address  : 0x104a9af20
object refcount : 3
object type     : 0x1052224d8
object type name: KeyboardInterrupt
object repr     : KeyboardInterrupt()
lost sys.stderr
[PYI-10430:ERROR] Failed to execute script 'pyi_rth_inspect' due to unhandled exception!
",1,False,False,bit_flip,2026-04-08 19:27:52
ipv6_parser,BONUS,19dc43099f6bdd00,2001:db8::1:192.0.2.33.extra,"Running the IPv6 parser with ipstr: 2001:db8::1:192.0.2.33.extra
An unknown exception has been triggered. Expected end of text, found '.'  (at char 22), (line:1, col:23)
============================================================
TRACEBACK
============================================================
============================================================
Saved bug count report and tracebacks for the bugs encountered!
Final bug count: defaultdict(<class 'int'>, {('bonus', <class 'pyparsing.","Traceback (most recent call last):
  File ""ipv6_parser_stv.py"", line 219, in <module>
  File ""pyparsing/core.py"", line 1340, in parse_string
pyparsing.exceptions.ParseException: Expected end of text, found '.'  (at char 22), (line:1, col:23)
Traceback (most recent call last):
  File ""ipv6_parser_stv.py"", line 219, in <module>
  File ""pyparsing/core.py"", line 1340, in parse_string
pyparsing.exceptions.ParseException: Expected end of text, found '.'  (at char 22), (line:1, col:23)
",0,False,False,constraint_violation,2026-04-08 19:33:06
ipv6_parser,BONUS,10218438b54f1a6c,23d7:69e4:f113:3ecc:6c84:9d8c:1969e4:f113:3ecc:6c84:9d8c:1969e4:f113:3ecc:6c84:9d8c:1969e4:f113:3ecc:6c84:9d8c:1969e4:f113:3ecc:6c84:9d8c:1969e4:f113:3ecc:6c84:9d8c:19bc:6651,"Running the IPv6 parser with ipstr: 23d7:69e4:f113:3ecc:6c84:9d8c:1969e4:f113:3ecc:6c84:9d8c:1969e4:f113:3ecc:6c84:9d8c:1969e4:f113:3ecc:6c84:9d8c:1969e4:f113:3ecc:6c84:9d8c:1969e4:f113:3ecc:6c84:9d8c:19bc:6651
An unknown exception has been triggered. Expected ':', found '4'  (at char 35), (line:1, col:36)
============================================================
TRACEBACK
============================================================
============================================================","Traceback (most recent call last):
  File ""ipv6_parser_stv.py"", line 219, in <module>
  File ""pyparsing/core.py"", line 1340, in parse_string
pyparsing.exceptions.ParseException: Expected ':', found '4'  (at char 35), (line:1, col:36)
Traceback (most recent call last):
  File ""ipv6_parser_stv.py"", line 219, in <module>
  File ""pyparsing/core.py"", line 1340, in parse_string
pyparsing.exceptions.ParseException: Expected ':', found '4'  (at char 35), (line:1, col:36)
",0,False,False,repeat_chunk,2026-04-08 19:33:33
ipv6_parser,INVALIDITY,ad2fd8dfb251badd,2001:db8::1:2:3:4444444444,"Running the IPv6 parser with ipstr: 2001:db8::1:2:3:4444444444
An invalidity bug has been triggered: Hex of length more than 4 found.
============================================================
TRACEBACK
============================================================
============================================================
Saved bug count report and tracebacks for the bugs encountered!
Final bug count: defaultdict(<class 'int'>, {('invalidity', <class 'buggy_ipyparse.ipv6_mstv.InvalidityBug'>,","Traceback (most recent call last):
  File ""ipv6_parser_stv.py"", line 219, in <module>
  File ""pyparsing/core.py"", line 1328, in parse_string
  File ""pyparsing/core.py"", line 950, in _parseNoCache
  File ""pyparsing/core.py"", line 4754, in parseImpl
  File ""pyparsing/core.py"", line 950, in _parseNoCache
  File ""pyparsing/core.py"", line 4634, in parseImpl
  File ""pyparsing/core.py"", line 989, in _parseNoCache
  File ""pyparsing/core.py"", line 281, in wrapper
  File ""buggy_ipyparse/ipv6_mstv.py"", lin",0,False,False,repeat_chunk,2026-04-08 19:34:10
ipv6_parser,INVALIDITY,991a8cf2edb424f3,b504:6fd9:147d:3a0b:9213:be81:f40b:ca5b:ca5b:ca5b:ca5b:ca5b:ca5b:ca5b:ca5b:ca5b:ca5d,"Running the IPv6 parser with ipstr: b504:6fd9:147d:3a0b:9213:be81:f40b:ca5b:ca5b:ca5b:ca5b:ca5b:ca5b:ca5b:ca5b:ca5b:ca5d
An invalidity bug has been triggered: Number of tokens passed exceeds the permitted number of hexes.
============================================================
TRACEBACK
============================================================
============================================================
Saved bug count report and tracebacks for the bugs encountered!
Final bug count: defa","Traceback (most recent call last):
  File ""ipv6_parser_stv.py"", line 219, in <module>
  File ""pyparsing/core.py"", line 1328, in parse_string
  File ""pyparsing/core.py"", line 989, in _parseNoCache
  File ""pyparsing/core.py"", line 284, in wrapper
  File ""buggy_ipyparse/ipv6_mstv.py"", line 132, in convert_ipv6
buggy_ipyparse.ipv6_mstv.InvalidityBug: Number of tokens passed exceeds the permitted number of hexes.
",0,False,False,repeat_chunk,2026-04-08 19:34:23
ipv6_parser,BONUS,7d94613fe8df3871,2001:db8::1:192.0.2.3001:db8::1:192.0.2.3001:db8::1:192.0.2.33.extra,"Running the IPv6 parser with ipstr: 2001:db8::1:192.0.2.3001:db8::1:192.0.2.3001:db8::1:192.0.2.33.extra
An unknown exception has been triggered. Expected end of text, found '01'  (at char 22), (line:1, col:23)
============================================================
TRACEBACK
============================================================
============================================================
Saved bug count report and tracebacks for the bugs encountered!
Final bug count: defaultdict(<cl","Traceback (most recent call last):
  File ""ipv6_parser_stv.py"", line 219, in <module>
  File ""pyparsing/core.py"", line 1340, in parse_string
pyparsing.exceptions.ParseException: Expected end of text, found '01'  (at char 22), (line:1, col:23)
Traceback (most recent call last):
  File ""ipv6_parser_stv.py"", line 219, in <module>
  File ""pyparsing/core.py"", line 1340, in parse_string
pyparsing.exceptions.ParseException: Expected end of text, found '01'  (at char 22), (line:1, col:23)
",0,False,False,repeat_chunk,2026-04-08 19:34:36
ipv6_parser,INVALIDITY,991a8cf2edb424f3,524d:256c:664c:fc72:180a:53cb:5c57:3955:9452:cf3e,"Running the IPv6 parser with ipstr: 524d:256c:664c:fc72:180a:53cb:5c57:3955:9452:cf3e
An invalidity bug has been triggered: Number of tokens passed exceeds the permitted number of hexes.
============================================================
TRACEBACK
============================================================
============================================================
Saved bug count report and tracebacks for the bugs encountered!
Final bug count: defaultdict(<class 'int'>, {('invalidit","Traceback (most recent call last):
  File ""ipv6_parser_stv.py"", line 219, in <module>
  File ""pyparsing/core.py"", line 1328, in parse_string
  File ""pyparsing/core.py"", line 989, in _parseNoCache
  File ""pyparsing/core.py"", line 284, in wrapper
  File ""buggy_ipyparse/ipv6_mstv.py"", line 132, in convert_ipv6
buggy_ipyparse.ipv6_mstv.InvalidityBug: Number of tokens passed exceeds the permitted number of hexes.
",0,False,False,grammar_mutate,2026-04-08 19:42:02
ipv6_parser,BONUS,141d98ed462fd7cb,c28d:e4d9:b0d1:3cbe:20:b1db:r9a8f:fcf3,"Running the IPv6 parser with ipstr: c28d:e4d9:b0d1:3cbe:20:b1db:r9a8f:fcf3
An unknown exception has been triggered. Expected W:(0-9A-Fa-f){1,5}, found 'r9a8f'  (at char 28), (line:1, col:29)
============================================================
TRACEBACK
============================================================
============================================================
Saved bug count report and tracebacks for the bugs encountered!
Final bug count: defaultdict(<class 'int'>, {('bonus","Traceback (most recent call last):
  File ""ipv6_parser_stv.py"", line 219, in <module>
  File ""pyparsing/core.py"", line 1340, in parse_string
pyparsing.exceptions.ParseException: Expected W:(0-9A-Fa-f){1,5}, found 'r9a8f'  (at char 28), (line:1, col:29)
Traceback (most recent call last):
  File ""ipv6_parser_stv.py"", line 219, in <module>
  File ""pyparsing/core.py"", line 1340, in parse_string
pyparsing.exceptions.ParseException: Expected W:(0-9A-Fa-f){1,5}, found 'r9a8f'  (at char 28), (line:1, co",-2,False,True,byte_insert,2026-04-08 19:42:27
ipv6_parser,BONUS,628845f2e7cf6344,2001:db8:0:0:0:0:192.0.2.33,,"Traceback (most recent call last):
  File ""pyi_rth_inspect.py"", line 98, in <module>
  File ""pyi_rth_inspect.py"", line 17, in _pyi_rthook
  File ""<frozen importlib._bootstrap>"", line 1360, in _find_and_load
  File ""<frozen importlib._bootstrap>"", line 1331, in _find_and_load_unlocked
  File ""<frozen importlib._bootstrap>"", line 935, in _load_unlocked
  File ""pyimod02_importers.py"", line 457, in exec_module
  File ""zipfile/__init__.py"", line 2314, in <module>
  File ""<frozen importlib._bootstrap>",1,False,False,radamsa,2026-04-08 19:45:08
